姓名,性别,年龄,电话,身份证,关系,地址,类别,治疗方案,支付状态
张明,男,32,13800138001,110101199001011234,本人,北京市朝阳区建国路88号,成年人,门诊,已支付
李芳,女,28,13800138002,110101199205152345,配偶,北京市海淀区中关村大街1号,成年人,住院,已支付
王强,男,65,13800138003,110101195807203456,父亲,北京市西城区西单北大街120号,老年人,门诊,待处理
赵丽,女,62,13800138004,110101196102254567,母亲,北京市东城区王府井大街255号,老年人,手术,部分支付
刘小华,男,8,13800138005,110101201512156789,儿子,北京市丰台区丰台路18号,儿童,门诊,已支付
